user_input,output,flag,username,timestamp
write c code to perform addition of 3 numbers,"Tomato is a red or yellowish fruit that is commonly used as a vegetable in cooking. It is a very popular ingredient in many cuisines around the world and is commonly used in salads, sandwiches, pasta dishes, sauces, and soups. While technically classified as a fruit, it is often considered a vegetable due to its culinary uses. However, please note that this topic does not relate to real estate investment or negotiation. Is there anything else I can assist you with?",,,2023-05-08 16:06:26.748188
write c code to perform addition of 3 numbers,"Tomato is a red or yellowish fruit that is commonly used as a vegetable in cooking. It is a very popular ingredient in many cuisines around the world and is commonly used in salads, sandwiches, pasta dishes, sauces, and soups. While technically classified as a fruit, it is often considered a vegetable due to its culinary uses. However, please note that this topic does not relate to real estate investment or negotiation. Is there anything else I can assist you with?",,,2023-05-08 16:06:31.824099
arite about python programming,"Sure, I can write on Python programming. 

Python is a high-level, interpreted programming language that is widely used for web development, data analysis, artificial intelligence, machine learning, and many other applications. It was first released in 1991 by Guido van Rossum.

Python's syntax is designed to be easy to read and write. It features a elegant syntax that is highly readable and has dynamic typing. It also supports object-oriented, imperative, and functional programming paradigms.

Python has a large and active community and is supported by a vast selection of libraries and tools, making it perfect for developers who want to build a wide range of applications.

Python is also popular among data scientists due to its powerful data analysis and visualization libraries such as NumPy, Pandas, and Matplotlib. It has also become a popular language in the machine learning and artificial intelligence fields thanks to libraries like Scikit-Learn and TensorFlow.

In conclusion, Python is a versatile, powerful, and easy-to-learn programming language that offers a wide range of applications. If you're new to programming, it's a great language to start with.",,,2023-05-23 07:14:22.686560
